Country Name,Country Code,Series Name,Series Code,2001 [YR2001],2002 [YR2002],2003 [YR2003],2004 [YR2004],2005 [YR2005],2006 [YR2006],2007 [YR2007],2008 [YR2008],2009 [YR2009],2010 [YR2010],2011 [YR2011],2012 [YR2012],2013 [YR2013],2014 [YR2014],2015 [YR2015],2016 [YR2016],2017 [YR2017],2018 [YR2018],2019 [YR2019],2020 [YR2020]
Afghanistan,AFG,Gross national expenditure (% of GDP),NE.DAB.TOTL.ZS,..,..,..,..,..,..,..,..,..,..,..,..,..,..,..,..,..,..,..,..
Albania,ALB,Gross national expenditure (% of GDP),NE.DAB.TOTL.ZS,123.824170421813,126.633881741672,125.325718788086,122.612003427072,124.846391838471,123.847885096851,126.706323379539,129.25111411746,126.486686318116,119.575367141399,120.687180922388,117.140246441543,119.10736393312,117.913915595515,117.624443720905,117.45420274245,116.159002866549,114.304390275494,114.359772840505,115.617700812392
Algeria,DZA,Gross national expenditure (% of GDP),NE.DAB.TOTL.ZS,85.327558075689,90.1250958206392,85.627116088297,85.5949691638653,76.8682160660483,73.1086405016634,77.8017982898541,80.7378312566146,100.581025830092,92.9775648947877,89.8980651377397,91.6183350136135,97.2046157841109,101.519951884651,113.351511540395,114.180691176265,110.05691195081,106.631325709083,106.060009195623,111.687463962837
American Samoa,ASM,Gross national expenditure (% of GDP),NE.DAB.TOTL.ZS,..,..,..,..,..,..,..,..,..,..,..,..,..,..,..,..,..,..,..,..
Andorra,AND,Gross national expenditure (% of GDP),NE.DAB.TOTL.ZS,..,..,..,..,..,..,..,..,..,..,..,..,..,..,..,..,..,..,..,..
Angola,AGO,Gross national expenditure (% of GDP),NE.DAB.TOTL.ZS,99.557907227813,91.131600501965,95.2585519286047,86.8192304115074,75.538426590267,67.6894323242026,72.2485011490442,76.4146508547717,104.931525614087,81.037416522769,78.6426113009671,79.9198360729492,85.3177611768818,89.942863860919,103.379320187658,97.1211871731976,94.2486231570203,84.7054336663761,76.248028011737,81.0363953008986
Antigua and Barbuda,ATG,Gross national expenditure (% of GDP),NE.DAB.TOTL.ZS,105.186693193911,105.765338839292,108.31780025689,106.335597820616,113.35264301231,123.287978014454,126.65434693676,123.724382905447,111.461213511875,113.829159532999,109.492710686869,114.196292432389,115.808909969247,114.195422430859,106.787114131895,106.660596888712,107.872061339106,105.42099606785,106.020196034536,137.084264925292
Argentina,ARG,Gross national expenditure (% of GDP),NE.DAB.TOTL.ZS,98.6942239532112,84.9875763964425,88.7828253076871,92.9974072815823,94.0595175200749,94.3800906642921,95.6196700067063,96.2808726137898,94.9351567933243,97.1033664588457,98.3077367139226,98.0508234476617,100.099582225227,99.5958364686602,101.074921988072,101.039697512093,102.649034418331,101.889164459255,96.962863699849,93.0708156101546
Armenia,ARM,Gross national expenditure (% of GDP),NE.DAB.TOTL.ZS,131.658163508286,128.28780957432,125.344501901864,125.242389011761,124.899565554283,127.500497140679,129.106723135809,132.630922982603,137.976172401072,137.115348762661,131.837197444029,121.47074606691,120.876060789902,118.916079714017,111.757974786906,107.77332514882,110.770285229744,113.687318963997,113.412551404701,109.963640696686
Aruba,ABW,Gross national expenditure (% of GDP),NE.DAB.TOTL.ZS,98.379970544919,104.100227790433,107.324405575294,103.097125867195,108.925189393939,111.852522053834,109.847694554559,108.056592650815,111.726099321811,115.004553734062,114.951291825498,110.425122837001,108.785582633627,106.325060048038,100.113122171946,98.5957685826624,98.7172538392051,100.819958129798,100.067510548523,116.178115909599
Australia,AUS,Gross national expenditure (% of GDP),NE.DAB.TOTL.ZS,99.9139279571339,99.995764837297,102.08857210502,102.686719288391,102.714395261029,101.854400282041,101.643033861888,102.5514667264,99.7193106052673,100.922433603662,98.9672035647134,100.168021954869,101.303455879577,100.279002322726,101.487056179526,102.277975368935,99.4890053736854,99.6426916469609,97.5055337812425,96.0718190932653
Austria,AUT,Gross national expenditure (% of GDP),NE.DAB.TOTL.ZS,98.24809042128,96.0212621576833,97.4717640794461,96.8143406517546,96.9812460516092,96.0838676229896,95.3448360800664,95.564867480607,96.9410994888906,96.60231018507,97.4167817963035,97.2976124753117,97.3021967199551,96.7308394182768,96.2500482543851,96.1692825900543,96.8368175090731,96.9674743876191,96.4268081684945,97.2255761723013
Azerbaijan,AZE,Gross national expenditure (% of GDP),NE.DAB.TOTL.ZS,95.8198510045903,109.88206185567,125.522983278528,126.702773674709,94.0778598522659,75.5022351196509,64.5866610250172,60.6243086214285,72.8286729491735,68.3035440951372,67.654083944549,72.3137091574008,77.8441786119418,83.8335245305783,97.0119529238691,97.2218544580738,93.3067283878654,84.7365529640913,88.9379482808726,100.77075591673
"Bahamas, The",BHS,Gross national expenditure (% of GDP),NE.DAB.TOTL.ZS,97.0613729782888,90.4881794720509,91.9021114780121,91.6988854028971,96.5179642544885,105.287073692493,101.023323796375,101.895306859206,101.317777270195,102.185471920886,106.911806324444,107.995895713819,105.348960502897,107.765678546183,100.09104780853,102.715765636354,107.348514274616,104.788409978206,101.049815050634,106.561162946544
Bahrain,BHR,Gross national expenditure (% of GDP),NE.DAB.TOTL.ZS,79.8047436334276,86.1165016245467,83.9654381587511,83.5270181172464,80.5254286970541,77.8264362678379,78.4261145000049,80.7277109430761,81.0325376792656,81.3977590427991,75.318022181146,81.5936874553484,82.2632743869147,83.4662547854112,88.7169551453357,91.2189004442941,91.5273793797336,92.3009825691731,88.7289987683477,94.3772718321066
Bangladesh,BGD,Gross national expenditure (% of GDP),NE.DAB.TOTL.ZS,103.542804381181,103.502477405527,104.493566551696,103.803920750129,104.774721763741,104.707532511422,105.431113269069,107.012859354058,105.873643437448,105.436632325177,106.798889701874,107.038572376515,106.353526379942,106.487933386243,106.728219108785,102.969504452961,103.881122082313,105.371393466192,105.329351532656,104.230332447608
Barbados,BRB,Gross national expenditure (% of GDP),NE.DAB.TOTL.ZS,105.634310034376,106.067922098825,104.514721919302,108.634054289447,109.146485142034,106.519745577805,101.153669610199,103.19208401316,104.244546610657,105.916299037261,107.200221219417,107.58068212461,107.177409383587,108.006383160812,107.32497948437,107.919748743513,104.601049185295,100.962542124315,98.5104928180903,109.85937861754
Belarus,BLR,Gross national expenditure (% of GDP),NE.DAB.TOTL.ZS,102.938008059069,102.697390419423,103.463987222684,102.996891490204,101.233649570981,102.867019062157,104.426168601342,106.123854695402,109.173538422127,112.322823698361,99.371478787287,96.7125911244124,103.484195718281,101.422487446213,96.8338048984866,96.6405122750108,98.1391645436991,97.3716416897687,99.9566547244495,96.6551118413582
Belgium,BEL,Gross national expenditure (% of GDP),NE.DAB.TOTL.ZS,96.3529219940311,94.4225540967277,94.6425358161196,95.1058504539961,95.9633928271926,95.9575151890734,95.8648374696502,99.3272078400401,97.7380331154422,98.2975441158936,100.098997839709,99.9370492163262,99.2021482386479,99.1811977718297,98.5819822059633,98.805795036473,98.9610158496762,100.2414083975,99.3448044481534,98.5933748821791
Belize,BLZ,Gross national expenditure (% of GDP),NE.DAB.TOTL.ZS,118.42719198415,119.249009514714,115.511052024631,111.804089505339,110.490420195775,102.654645625684,103.930867171521,109.338471969271,108.525977726672,102.026392470084,105.578588158022,101.939534862666,106.587565012036,106.349485003354,109.00522843033,112.917654034181,106.707293542882,105.872149612754,103.043298149579,113.790613150794
Benin,BEN,Gross national expenditure (% of GDP),NE.DAB.TOTL.ZS,108.520003966284,104.315216665389,104.327634003767,102.875883441343,102.128650484817,103.658844391532,105.028083863302,103.493916922661,104.846699392927,105.286758067025,105.517716272362,102.94326995929,104.059063776019,102.406589493169,107.31541076287,103.773352195431,107.065407395081,107.246733252528,104.42027792832,105.088292521568
Bermuda,BMU,Gross national expenditure (% of GDP),NE.DAB.TOTL.ZS,..,..,..,..,..,..,..,..,..,74.6751011300581,76.116667202624,73.8810928746534,73.043724508008,73.9267207858824,73.0501472603445,73.7524440532639,74.5756558516873,73.8486574203045,74.8577652080262,71.9256627250801
Bhutan,BTN,Gross national expenditure (% of GDP),NE.DAB.TOTL.ZS,125.388236740531,129.359404660072,129.02980111681,136.60583305928,130.22561569271,107.848891548706,104.760365978709,109.396893447808,117.939127848484,128.962855553625,129.991519469429,124.891840622485,122.338096772426,121.421509850654,129.009656589658,124.437811782774,121.341543434867,122.551600851847,114.363202733616,116.662997740403
Bolivia,BOL,Gross national expenditure (% of GDP),NE.DAB.TOTL.ZS,105.283523971018,106.081350204235,100.766367378644,95.1874850529319,96.545655370231,90.9944198953411,92.4705979415676,93.0539088282077,97.1818242619043,93.1367139680614,94.2969917176902,90.6163679186308,93.0459484765286,98.6782935806497,106.196253132276,107.425023466402,106.896363982917,105.132374494237,106.462782124704,104.958083045257
Bosnia and Herzegovina,BIH,Gross national expenditure (% of GDP),NE.DAB.TOTL.ZS,155.465113065343,151.860512112281,150.27467397827,145.917410125141,143.168900775825,134.846711618205,136.91766809288,138.98788352183,131.528798387504,126.599207995366,128.519527196213,130.590392683215,127.710878556934,128.281178772111,123.325570421311,121.272542547819,120.893686939727,119.092938820557,118.142702574933,117.451502423343
Botswana,BWA,Gross national expenditure (% of GDP),NE.DAB.TOTL.ZS,87.8294387495751,89.948279869828,90.7283850111525,95.3079742827877,84.6921883307543,84.3047313544657,86.8145939497903,106.100348248743,102.591878590306,106.95578339754,100.262555795775,109.344867729137,99.9790565255638,97.226258879658,106.917591493916,91.2419671301596,94.682937524591,99.5379808062933,104.987646153769,114.847999232936
Brazil,BRA,Gross national expenditure (% of GDP),NE.DAB.TOTL.ZS,102.192863680169,99.1571768594861,97.7788173100572,96.586729452554,96.5991366750392,97.2930672813032,98.6372611588919,100.189568393672,100.403233337,101.041008568963,100.769379819969,101.359195476397,102.301496036101,102.661520181068,101.153243097941,99.6003239948855,99.2817986387445,99.6062043812583,100.64441949574,99.3003152393311
British Virgin Islands,VGB,Gross national expenditure (% of GDP),NE.DAB.TOTL.ZS,..,..,..,..,..,..,..,..,..,..,..,..,..,..,..,..,..,..,..,..
Brunei Darussalam,BRN,Gross national expenditure (% of GDP),NE.DAB.TOTL.ZS,70.1745946429636,74.0305935781667,66.4425806733866,62.1019793627714,52.2364671823213,48.3084418790945,55.7694287184766,48.4971492163409,65.204691473484,60.5564472980203,57.5247822168819,65.081928909897,75.0165643358806,64.4629701434665,80.0930897738778,81.992372999746,81.7574920735385,84.7486563575761,84.1695238659981,89.7781478728181
Bulgaria,BGR,Gross national expenditure (% of GDP),NE.DAB.TOTL.ZS,109.318733902765,107.975003575128,110.179993058011,111.150616606758,114.655080022883,117.091705492024,118.8342348399,119.748802663958,108.254945541948,103.196311765922,99.8503915823351,103.286082958375,100.569267557552,101.0855160221,99.1007676304472,95.0928630821284,95.6874057268146,97.4599485754413,96.7717434192078,98.530948702449
Burkina Faso,BFA,Gross national expenditure (% of GDP),NE.DAB.TOTL.ZS,113.570005280012,113.581791588413,111.927373087283,113.717768999156,114.488474808838,113.192815350051,113.082632855909,115.086662875381,112.718041950746,108.041540827003,105.10625206284,108.042437145908,109.881880396358,104.959554186887,106.873890238761,106.061243190939,106.364008931917,104.437813339805,103.431945127346,..
Burundi,BDI,Gross national expenditure (% of GDP),NE.DAB.TOTL.ZS,110.605641285316,112.302221044601,114.61348402865,117.670621607839,122.7,127.800015268341,125.200007633426,126.199974936412,122.600014419288,120.10000331861,125.39998489112,124.31319889312,128.413538096421,125.60301209152,110.003750201366,110.274656291549,110.187147069097,115.228412305141,118.68215249612,117.674708289927
Cabo Verde,CPV,Gross national expenditure (% of GDP),NE.DAB.TOTL.ZS,..,..,..,..,..,..,130.189415515824,126.192452783275,125.882331826383,129.097709874828,128.810785741327,119.41353331031,114.354203095598,120.324160372431,114.251204299254,115.732483782094,121.457540576871,119.045778479591,114.608571559369,134.990772521464
Cambodia,KHM,Gross national expenditure (% of GDP),NE.DAB.TOTL.ZS,108.790777033035,109.360001973793,110.901806607813,107.441179721241,108.599016134113,106.939411803792,105.076311325988,103.695321322467,103.682516037958,105.004186485735,105.977047687538,104.377700243604,104.258968530344,105.139158609883,104.656125563248,104.035566315576,101.406942941763,99.0554693769573,98.5085100639504,99.7688685255739
Cameroon,CMR,Gross national expenditure (% of GDP),NE.DAB.TOTL.ZS,101.049834941503,102.509406246912,101.369369927098,100.742595016836,100.506768551632,98.7462460634291,99.2584072502409,102.907686217113,103.011276788872,102.500804800576,103.062614357406,102.282565039535,102.39631901077,103.612438241313,103.561847568858,102.738674014897,102.496824439259,103.115095938992,103.678331753404,103.191032964937
Canada,CAN,Gross national expenditure (% of GDP),NE.DAB.TOTL.ZS,94.2748801915188,95.5296488945595,96.0384684660273,95.5186849977989,96.0139929500631,97.2636835866452,97.8865535032897,98.2532708926761,101.497008274498,101.955828350478,101.200070121523,101.945703957684,101.572875054738,100.933582034561,102.508387584265,102.293470410011,102.230032966761,101.661200748589,101.563323402388,102.064017720064
Cayman Islands,CYM,Gross national expenditure (% of GDP),NE.DAB.TOTL.ZS,..,..,..,..,..,..,..,..,..,..,..,..,..,..,..,..,..,..,..,..
Central African Republic,CAF,Gross national expenditure (% of GDP),NE.DAB.TOTL.ZS,105.416051192311,104.183212838257,99.7592288487436,105.248111644399,108.122475248648,107.763917859196,109.350235438865,112.430301025803,107.235712904566,106.770166638054,104.318296869342,109.959182590606,108.45337798775,119.743516841995,119.009726788165,120.886977169085,122.623998191676,127.400140000892,130.133460001467,126.877300002616
Chad,TCD,Gross national expenditure (% of GDP),NE.DAB.TOTL.ZS,134.990332950931,200.970926657025,133.599945962136,99.7508748124201,89.8921966466271,100.744346202883,95.7240361480427,94.9006555943315,106.832758606667,106.699497482382,102.92656102785,103.639511251738,105.5177324217,108.303797391854,106.924392981155,103.979106109626,105.782009064723,101.823410205364,101.08605856209,115.298077393398
Channel Islands,CHI,Gross national expenditure (% of GDP),NE.DAB.TOTL.ZS,..,..,..,..,..,..,..,..,..,..,..,..,..,..,..,..,..,..,..,..
Chile,CHL,Gross national expenditure (% of GDP),NE.DAB.TOTL.ZS,98.4501444364253,97.969411192542,95.5714705293048,90.5178610289519,91.7113902161893,85.9802866430047,86.7173209229196,98.3515046588119,92.4547613717976,93.9096915001413,97.1020822586723,100.464961882583,100.96836077404,99.6268221890015,100.966951496803,100.211544868069,99.3634052991887,101.118961153922,101.859710669075,95.4370909191017
China,CHN,Gross national expenditure (% of GDP),NE.DAB.TOTL.ZS,97.4748457331132,97.1368866904512,97.6421249016335,97.0834451674128,94.7306904446359,92.482834172195,91.4784779137112,92.0425213544368,95.4365078659831,95.4695163719207,96.8194143781514,97.3678788956604,98.1160963448785,98.3488957681113,97.2256970846444,97.6701144442164,97.8809058190917,98.8511640341493,99.2696786856137,98.6971162241865
Colombia,COL,Gross national expenditure (% of GDP),NE.DAB.TOTL.ZS,103.126840261943,103.351499859369,103.365584093705,102.321924084195,103.480610016629,104.184180459324,104.232612845561,102.948459146288,102.307137132308,101.58291364923,100.917413407902,101.212740451338,101.813769354972,104.217967421809,107.060341099452,106.768374427807,104.992335445658,104.735313441811,105.822456672591,106.9224676811
Comoros,COM,Gross national expenditure (% of GDP),NE.DAB.TOTL.ZS,118.084664912753,118.084726088899,118.08478480406,118.084626924627,118.084856647806,118.085079752539,115.205495278808,119.775831896777,119.273044981399,120.272327695454,120.088164692087,122.918680459865,121.146520846383,119.882878840909,117.532555457504,115.787088562041,116.361726024419,117.178107363171,116.721157269973,122.462719269125
"Congo, Dem. Rep.",COD,Gross national expenditure (% of GDP),NE.DAB.TOTL.ZS,101.066567846867,97.974160029405,106.030470105131,103.877387599294,106.426239140116,104.563062565662,101.998227475692,105.716693125295,109.31930374206,108.525301984833,106.166910859362,106.745693361806,104.574222527402,105.025941256932,106.087696513106,106.071915394376,103.702884639701,102.671055110603,100.948101067707,101.282169122184
"Congo, Rep.",COG,Gross national expenditure (% of GDP),NE.DAB.TOTL.ZS,74.2062851584241,71.4985179533469,68.5966971503101,73.0243024309797,69.5427247595664,70.6725040601786,111.615843954537,86.3026496019794,106.592541469086,87.0085713394195,77.3682772313624,81.2803795055322,87.1341813857937,97.9296023572842,137.237290023217,140.778800359777,97.0972220652293,77.9766244227065,79.3710351273499,..
Costa Rica,CRI,Gross national expenditure (% of GDP),NE.DAB.TOTL.ZS,99.8356137139536,101.964873921881,101.984281698698,100.841170271889,102.293619169882,103.186484395446,105.292320827092,108.788591409374,100.494707673296,101.853266990652,103.694204753313,103.745904623284,102.883111864654,102.465411486042,100.762246209924,99.6582855760606,99.5465874476179,99.4683204643288,97.1098868990006,97.03428310812
Cote d'Ivoire,CIV,Gross national expenditure (% of GDP),NE.DAB.TOTL.ZS,98.1744754598679,93.1796253530619,95.7780338667046,97.8357185678859,99.0629755898146,98.0085165945951,100.449036899436,99.9132831542012,95.8474211372458,100.473790899014,94.1531503570387,100.336108522989,100.031873937593,97.3665000322872,98.0045669096568,98.325467527755,98.700534568341,100.786121000925,98.8483593333464,98.9122238973301
Croatia,HRV,Gross national expenditure (% of GDP),NE.DAB.TOTL.ZS,105.18600967415,109.422307735161,110.37831400692,108.531341941281,108.709589359673,108.468221534405,108.361377867856,110.164191883648,105.5711055344,101.670254390082,101.700559215196,101.602707653661,102.001055954169,100.377283787889,99.7831832169953,98.8727715860325,99.3798476045691,100.831650466539,100.308694990573,106.75805220588
Cuba,CUB,Gross national expenditure (% of GDP),NE.DAB.TOTL.ZS,102.890879478827,101.675104270553,100.683020344724,99.2678574981022,97.325089615941,99.7615509605102,97.2957431160725,103.782009429944,97.9945231958763,95.1514115159806,96.7531526308161,94.8442050286433,96.1230362420283,95.1063777028367,97.3190410062778,97.3043668600197,97.1213513541419,98.0379810094953,98.3930850446688,99.3460764587525
Curacao,CUW,Gross national expenditure (% of GDP),NE.DAB.TOTL.ZS,..,..,..,..,..,..,..,..,..,..,129.800201893225,128.642937623525,124.079757419829,117.167885351953,119.118700082622,120.886146319769,..,..,..,..
Cyprus,CYP,Gross national expenditure (% of GDP),NE.DAB.TOTL.ZS,95.4313569254537,98.8307184695981,98.4803766174803,100.124007302885,100.532852310565,102.934871698269,104.757155251391,112.76251506083,105.346579070229,108.341582528653,103.826726946322,101.913081971981,98.4195358624442,99.0614831383371,97.3838063484713,98.3047903413431,100.483278507337,98.6995732766602,99.7866183142321,102.524325872089
Czechia,CZE,Gross national expenditure (% of GDP),NE.DAB.TOTL.ZS,101.299432443394,101.32639311597,101.517433269629,99.3732801984407,97.6715066741214,97.2775349834786,97.5774789333321,97.8392029404926,96.1063849157377,96.9429007205344,96.2190844991893,95.2364834459631,94.3056538181443,93.6664330292979,94.0581072509101,92.3721140834873,92.4783734967694,94.0601682359259,94.0102736484923,93.1682901074339
Denmark,DNK,Gross national expenditure (% of GDP),NE.DAB.TOTL.ZS,92.8595448111222,93.1479999836939,93.2048969033777,94.3508846666627,94.4955066607001,95.906643531514,97.1027851002106,96.4766430137302,95.502920706321,93.054124756393,93.6055101948137,93.9799781367437,93.3924989646739,93.0376348448204,93.2118710088887,93.3168625211234,92.8246370724275,93.8553895370237,92.6081305233925,93.549168316792
Djibouti,DJI,Gross national expenditure (% of GDP),NE.DAB.TOTL.ZS,..,..,..,..,..,..,..,..,..,..,..,..,134.919913278752,82.6192404115031,77.5208413176291,105.543948383735,105.77124346248,87.1589366205968,87.5035131690391,91.5741720944343
Dominica,DMA,Gross national expenditure (% of GDP),NE.DAB.TOTL.ZS,..,..,..,..,..,113.944461316529,121.000079106275,128.501103378034,123.823551684968,117.996294990737,115.276063188864,118.830352311784,110.073584064219,112.665176282964,113.139816026137,112.520085871116,120.546943239194,147.82626111571,..,..
Dominican Republic,DOM,Gross national expenditure (% of GDP),NE.DAB.TOTL.ZS,106.729327630753,107.2752625917,100.143506865618,99.0564696544204,104.991282432895,107.316650096761,108.423186653155,113.578580109179,108.550426398534,110.648431654502,110.615715281565,109.222318153813,106.347438663107,105.193642129488,104.647913118355,103.767212211811,102.860794742179,104.953103779378,104.872580838371,107.702262233281
Ecuador,ECU,Gross national expenditure (% of GDP),NE.DAB.TOTL.ZS,104.299562977832,106.391801868686,102.044830585081,101.556543169768,100.863481499604,99.0436336498466,98.7236024812452,99.7296682694966,101.606633149117,104.51332677175,102.247839288495,101.421493866377,102.329579463751,101.604460697595,102.727434392663,99.5117578055832,100.756085605774,101.152762971848,99.9800865817444,97.6593768844836
"Egypt, Arab Rep.",EGY,Gross national expenditure (% of GDP),NE.DAB.TOTL.ZS,104.850850292724,104.354711005542,102.586826347305,101.359983515351,102.265552460539,101.618908855431,104.578410311493,105.594639865997,106.639800422184,105.237858445218,104.12077893662,107.917836030334,106.337346807138,108.431924882629,108.478251974303,109.555621170739,113.489913544669,110.454320097354,108.23922887582,107.545687446627
El Salvador,SLV,Gross national expenditure (% of GDP),NE.DAB.TOTL.ZS,115.872154422602,114.892911076992,116.390140203648,117.969843212922,119.18274595183,121.576210836449,126.4869869355,127.184799595706,118.168782191639,119.643949019727,121.313137886528,120.5064492674,121.001402394438,118.998675280955,117.587967355911,115.901912371447,116.245122439919,117.764907756664,116.625149739782,118.366132656242
Equatorial Guinea,GNQ,Gross national expenditure (% of GDP),NE.DAB.TOTL.ZS,..,..,..,..,56.1897055484914,53.8814814758636,56.841201912613,50.2393062408675,73.5276572350953,73.1513586040546,64.1867213208875,72.8654388242135,71.5866516009701,72.4526214746421,85.5611115244592,89.775064223023,84.7020478243974,84.4166117540033,92.6172908291473,102.453915264063
Eritrea,ERI,Gross national expenditure (% of GDP),NE.DAB.TOTL.ZS,150.448629063776,153.027800994566,161.123169451065,154.020108230274,148.774604381669,131.46182726944,123.015854365105,121.703436750974,118.914893896593,157.902440381688,137.414997448771,..,..,..,..,..,..,..,..,..
Estonia,EST,Gross national expenditure (% of GDP),NE.DAB.TOTL.ZS,102.993744587323,106.546906519332,108.315022621268,107.454411212566,104.573566528876,109.804678777177,108.313134773062,103.383149806139,94.885993743497,93.6823316409905,94.2956443194252,98.3497000170009,97.2858237923927,96.4585894033716,95.9729076538912,96.309010842881,95.8633550077634,96.269776567031,95.4576524333187,101.290550332536
Eswatini,SWZ,Gross national expenditure (% of GDP),NE.DAB.TOTL.ZS,109.554296871982,105.605279489467,102.882721398691,104.672776566459,103.006638605633,101.530727952708,101.164944298232,108.325266435105,109.566963103508,110.844146480308,110.805870910949,103.165075512091,101.608727254246,101.537746122887,101.406114001477,100.377985468469,103.560659250641,101.925462714939,99.7687278772356,101.158715798016
Ethiopia,ETH,Gross national expenditure (% of GDP),NE.DAB.TOTL.ZS,..,..,..,..,..,..,..,..,..,..,114.859225711754,117.863304119052,116.5036363754,117.457842219137,120.929496950233,114.95009556169,116.083929056638,110.643505516288,113.13934288234,109.751711757948
Faroe Islands,FRO,Gross national expenditure (% of GDP),NE.DAB.TOTL.ZS,101.775355950079,100.495206716551,114.730195991136,106.070880683206,116.921395304629,113.816272702991,115.284743600847,111.55437841417,109.545207082321,103.752593738276,100.980085263691,112.103422879738,103.190902138131,99.3109208603049,99.1738078523066,95.4664618806769,94.4894899489031,101.241478220598,97.0859402234739,101.381021333195
Fiji,FJI,Gross national expenditure (% of GDP),NE.DAB.TOTL.ZS,89.4417862838915,89.8466028135289,90.3260570485188,84.4260723189363,113.940202380952,113.546912143005,105.421302917226,116.747654731746,111.410748181991,106.044923924108,105.914941154585,103.063801077692,112.602154790363,95.9598626486801,98.4824910793356,100.872029576601,99.5990863620226,99.4097380214211,97.2753339478232,98.9620117196585
Finland,FIN,Gross national expenditure (% of GDP),NE.DAB.TOTL.ZS,90.6553364493736,90.9331519469849,92.9772189602567,93.4340316708449,95.6529659293083,95.1352539373153,94.8939445774889,96.133631894577,97.6857939883464,98.399090053842,100.567682501843,101.530066604655,101.054223501255,100.949747942213,100.568630697542,101.277595417391,99.9540435084246,101.254561652989,99.8440705101479,99.8537784407235
France,FRA,Gross national expenditure (% of GDP),NE.DAB.TOTL.ZS,98.427577688207,98.009924242472,98.5738955739557,98.9872765503202,99.9145480645901,100.233260161102,100.714241562616,101.158363364418,100.791408071175,101.291241519399,101.947950051716,101.296004795088,101.034579340815,101.145427523473,100.566449178323,100.605068015321,101.064580919207,101.010618176402,100.957362361469,102.020140173523
French Polynesia,PYF,Gross national expenditure (% of GDP),NE.DAB.TOTL.ZS,..,..,..,..,..,..,..,..,..,..,..,..,..,..,..,..,115.463773643084,..,117.334382690602,..
Gabon,GAB,Gross national expenditure (% of GDP),NE.DAB.TOTL.ZS,74.8106341131408,78.8863244078456,76.1552217605044,71.6505350049737,63.9322543251469,67.5057762146361,68.0752699913899,64.5994485719,79.1611130556067,73.8306779722279,67.0096330782311,70.4421260657943,75.9202243852103,84.4785442259962,81.8857644489112,82.0626864815119,74.5000574003863,68.43844471529,70.5659429952766,75.019362042109
"Gambia, The",GMB,Gross national expenditure (% of GDP),NE.DAB.TOTL.ZS,103.744114375127,105.719143446947,106.125349089711,112.985699860712,115.061111275127,109.875359036817,107.767341421816,113.418401212034,112.888513818885,117.324013661447,108.066808248263,108.016655186501,109.529673990589,112.913228205208,110.337621126347,112.349691250602,116.850021653587,116.201947666879,119.303475846075,142.887206731765
Georgia,GEO,Gross national expenditure (% of GDP),NE.DAB.TOTL.ZS,119.445041953851,116.106303648069,117.528987284128,119.591217694899,120.821106798957,126.990768606009,129.563723240241,132.579463064027,121.909818747915,116.989130036294,118.170864290564,118.90969725239,112.15817802197,116.90656727927,117.044054810667,115.226308739815,110.984848484848,110.63825970753,108.962382025063,119.292808562383
Germany,DEU,Gross national expenditure (% of GDP),NE.DAB.TOTL.ZS,98.3734246550121,95.7497315888123,96.2258938220359,94.7994713858883,94.7995682403171,94.5839133278548,93.2289012022164,93.9264242152924,94.9888990199245,94.7376774294182,95.091848705802,93.8998145928875,94.2415209774663,93.3815667667545,92.4047478999927,92.6231202587774,92.9111215857197,93.8323148824476,94.3511883340291,94.2747567972063
Ghana,GHA,Gross national expenditure (% of GDP),NE.DAB.TOTL.ZS,119.579821227348,112.256739388482,115.929060411713,121.063682852637,125.27313984668,115.537206321328,116.304141076443,119.455332550571,113.010953835433,113.78338756533,112.422236587272,112.449598780609,109.877755109421,107.372758019667,108.857861321023,105.490521253408,102.794615739815,101.048726547825,101.925603012454,97.0747694673314
Gibraltar,GIB,Gross national expenditure (% of GDP),NE.DAB.TOTL.ZS,..,..,..,..,..,..,..,..,..,..,..,..,..,..,..,..,..,..,..,..
Greece,GRC,Gross national expenditure (% of GDP),NE.DAB.TOTL.ZS,110.562480197129,110.123287445298,111.100805884565,108.482212067508,108.276403156775,110.502221300454,112.483834551325,112.606577476073,109.779473380296,107.601082311433,105.854416568641,104.57612692209,102.462089259779,101.55513404344,101.023377919038,101.444291756763,101.510768853701,102.164219924522,101.726528827623,107.614917486846
Greenland,GRL,Gross national expenditure (% of GDP),NE.DAB.TOTL.ZS,..,..,111.706561751359,109.57989504245,117.586607891392,114.08846009272,122.562523984878,133.41496150133,124.29513079895,142.359710186106,154.551383906579,125.954420666159,120.509963858218,110.14293774685,107.941096004473,104.30757749524,102.822788373192,100.867532817512,110.115470896927,112.472917370649
Grenada,GRD,Gross national expenditure (% of GDP),NE.DAB.TOTL.ZS,..,..,..,..,..,..,..,..,..,..,..,..,..,..,..,..,..,..,..,..
Guam,GUM,Gross national expenditure (% of GDP),NE.DAB.TOTL.ZS,..,..,..,..,..,..,..,..,..,..,..,..,..,..,..,..,..,..,..,..
Guatemala,GTM,Gross national expenditure (% of GDP),NE.DAB.TOTL.ZS,114.958863380924,115.277158593612,116.220939294059,117.02166034393,117.791270821003,118.869143219271,118.664617793055,116.572921772025,110.941803967822,112.300700921436,112.572760825358,113.027243341888,112.688909743556,111.594553409775,110.233637769228,108.8665592082,109.079327722439,110.690490329606,110.298274788488,108.049981237864
Guinea,GIN,Gross national expenditure (% of GDP),NE.DAB.TOTL.ZS,101.440271126814,102.492429105148,99.227960998107,101.190622847016,100.325419741615,121.737681669631,124.019120661315,120.903322340836,124.783771807149,112.864158829511,120.750191744969,120.399540363679,127.485203525152,123.39494314416,129.448984839705,153.096439564943,111.931036862293,108.569920477867,112.917905995865,98.0340885905819
Guinea-Bissau,GNB,Gross national expenditure (% of GDP),NE.DAB.TOTL.ZS,111.752078628436,107.32650187346,108.499757762472,111.651774165381,115.110930937334,114.75186562703,113.759752971685,112.94082779567,116.37320025717,120.318242155452,105.272993007749,110.222566150962,107.566007970137,111.178213915724,104.695464509544,104.795934695661,105.299071677379,105.465925554045,114.796686271488,114.861752614974
Guyana,GUY,Gross national expenditure (% of GDP),NE.DAB.TOTL.ZS,113.828434047606,112.118707513334,109.809101718681,109.599940536198,125.105020167038,..,..,..,..,..,..,..,..,..,..,..,..,..,..,..
Haiti,HTI,Gross national expenditure (% of GDP),NE.DAB.TOTL.ZS,113.756186070283,113.681600357548,119.624344688738,117.285970537705,117.369246829793,119.319930301285,116.857206188022,118.469732112595,115.264310579455,127.58129413749,122.075422594078,120.948054184737,119.296630775485,120.418190740933,118.493474196322,122.006058101615,123.617338759479,125.631966367495,125.733783472516,122.111905618938
Honduras,HND,Gross national expenditure (% of GDP),NE.DAB.TOTL.ZS,113.179755724959,112.536290341311,114.06022218519,118.615791836292,118.477921320247,121.022744900334,128.052697467795,133.098401817871,117.84432297823,117.924025848185,119.701618791038,119.382562816782,120.423121723782,117.849787824669,116.930912161722,114.387487223291,115.625419808135,120.641546475494,118.190564363329,115.430239958916
"Hong Kong SAR, China",HKG,Gross national expenditure (% of GDP),NE.DAB.TOTL.ZS,95.3095882198886,91.8429310412605,90.9026959366388,91.2892602522953,87.7833761175533,88.8383351592542,89.3246488275675,89.8264525586432,92.1274435059319,94.1253662040655,96.1498736061786,98.8693994626567,99.3998985177512,99.7950447012285,97.6107460346582,97.7169739958034,98.9908674614446,100.213759540443,98.4470847776134,98.0800384552991
Hungary,HUN,Gross national expenditure (% of GDP),NE.DAB.TOTL.ZS,101.290427113977,102.04616201152,103.939858086818,104.320948800281,102.782071521384,101.447013989171,99.859161755937,99.9634717354803,96.5525734081833,95.2523090685851,94.2801144470284,93.8919093214512,93.5267686806408,94.1495356101212,92.2697761132259,91.5961687373078,93.3904981948561,95.7504413902921,97.6843533041129,97.9202057951217
Iceland,ISL,Gross national expenditure (% of GDP),NE.DAB.TOTL.ZS,100.853033545077,98.4016110840255,102.954925801628,105.611944363705,111.733841770017,116.725029259142,108.990710910685,102.087221903421,91.9551330545676,90.1539305051139,92.3176292386145,94.2333660811753,92.2940205857107,93.6273959920336,92.5147650151135,93.3649510456802,95.514466960555,96.6803960138418,95.3418271235092,100.322636029549
India,IND,Gross national expenditure (% of GDP),NE.DAB.TOTL.ZS,105.816196299021,104.595041945429,103.219667466736,103.852741989097,105.173134150553,104.910922244922,107.573425031646,105.637716790623,106.676347640732,105.518089803402,106.882101612086,105.492225694172,101.964128316519,102.836379525105,101.55230192284,99.7765209780871,100.474524394026,102.454759544228,102.141744707,100.751794508549
Indonesia,IDN,Gross national expenditure (% of GDP),NE.DAB.TOTL.ZS,92.5784870760398,96.2837655737347,101.866004566974,99.1467162453325,97.5534078197772,96.6964428044804,96.8094430646721,96.8612782280093,99.2771268697631,98.1032122436947,97.4663669836815,100.709628471927,100.17853910921,101.164486219583,101.26222384767,101.213350208158,100.106738922,100.571713268398,100.519078244177,100.856567236136
"Iran, Islamic Rep.",IRN,Gross national expenditure (% of GDP),NE.DAB.TOTL.ZS,98.3441647609572,97.3657841426309,97.9670861045744,99.9132181135069,91.9972701728517,92.5516379783489,90.6312828141866,93.4705629725357,96.5760745001178,93.9889978698131,91.4905830628753,97.4844576620751,94.7658019444616,97.108712529982,100.972822723203,95.9282160823998,96.7749821791783,95.6674802702963,..,..
Iraq,IRQ,Gross national expenditure (% of GDP),NE.DAB.TOTL.ZS,78.7915502493993,61.8039657501381,88.2596348978171,79.1832647123687,79.6482045147727,71.759809218138,66.6150863154528,63.0936790304113,84.6061958537262,79.2296912060027,71.5226633987767,69.8756819431719,76.356732088942,78.2849118226659,94.7048050435097,93.0994771983307,85.6128592591359,77.0030379124672,85.0233392372849,97.2150843320077
Ireland,IRL,Gross national expenditure (% of GDP),NE.DAB.TOTL.ZS,85.2288205340795,84.4500989110905,86.2647615671101,87.1493675305197,90.0014993532406,91.9393614329489,91.285205948467,91.7010917110392,87.6198881955398,83.2846260528084,82.3016590139838,83.5619687466149,80.8295439102262,81.3906972510667,71.1807899424066,84.0580072063826,78.6127818890748,70.9241624497535,95.9148350313817,78.5822181852792
Isle of Man,IMN,Gross national expenditure (% of GDP),NE.DAB.TOTL.ZS,..,..,..,..,..,..,..,..,..,..,..,..,..,..,..,..,..,..,..,..
Israel,ISR,Gross national expenditure (% of GDP),NE.DAB.TOTL.ZS,102.390216399132,102.913595637553,100.756230727973,99.9240240926438,100.113434330675,99.8516408803243,100.920390516689,100.635257522676,97.5135901830063,98.1251082015056,100.222767326239,100.061875113499,98.1714182362256,98.4383195705663,96.869788070409,98.174304737995,98.100160138785,99.1660075411526,97.808486916834,95.351383613855
Italy,ITA,Gross national expenditure (% of GDP),NE.DAB.TOTL.ZS,98.7367812947231,99.2429896222124,99.54445895341,99.4106735503701,100.098825998555,100.821202318459,100.3393773178,100.76732640923,100.620444659614,101.8580824654,101.400589462672,98.8962351726869,97.6010932373764,97.1044649225737,96.9862174578867,96.7118213209349,97.136715066422,97.5964428410845,96.6741191221049,96.3376198361253
Jamaica,JAM,Gross national expenditure (% of GDP),NE.DAB.TOTL.ZS,113.699420461881,116.322852801479,114.923876512828,114.230054556171,119.941280295198,120.482675792008,121.787040215349,129.690789658367,117.926025774488,118.249780313867,123.084592432349,121.672655437911,122.107805621969,122.231669416514,116.274190700962,112.828283860768,114.209047374045,112.850209470855,114.038446138778,114.146301352827
Japan,JPN,Gross national expenditure (% of GDP),NE.DAB.TOTL.ZS,99.4060045454383,98.7362308517009,98.3945411996062,98.091824173325,98.5981631336246,98.70164669109,98.2383418536175,99.6584087341268,99.5510350378956,98.6614460133571,100.64603620593,101.64138167224,102.410455187197,102.594123871699,100.553888679174,99.1943267435098,99.2403353626013,99.9800285388764,100.289082442123,100.241603075989
Jordan,JOR,Gross national expenditure (% of GDP),NE.DAB.TOTL.ZS,125.017204833221,119.197065534335,120.963265506005,130.243755410395,141.500116124119,133.999187962055,137.524037299385,124.278391056597,120.198724685011,116.044639707,122.297335503232,120.694071684514,124.613030005638,122.093258326696,119.265035817509,116.565625705979,121.095658134443,118.222021009258,113.017984609016,118.261847725037
Kazakhstan,KAZ,Gross national expenditure (% of GDP),NE.DAB.TOTL.ZS,98.202675800753,93.4962376836044,91.4463570522592,91.4586093882043,92.0752678957186,89.80333847047,91.682033190571,82.1067902715165,88.6003102016405,81.5663758965694,75.6652105811494,81.6880144129134,84.6395512527366,84.9624278460957,93.258455891554,94.0027531793452,89.4764100764176,85.6774747666985,89.0385928395787,94.2077494699531
Kenya,KEN,Gross national expenditure (% of GDP),NE.DAB.TOTL.ZS,114.33356106177,110.830686139198,111.732648160158,110.347249415182,110.429285348496,109.21236428199,109.941250815186,110.614250653831,105.048109653008,107.042691994452,110.582210654427,109.666258389899,110.744556628274,112.76126009459,110.346836149468,108.365526021377,110.911535899067,108.827583504482,108.935293937805,107.789183013044
Kiribati,KIR,Gross national expenditure (% of GDP),NE.DAB.TOTL.ZS,..,..,..,..,..,..,..,170.304071935344,173.756455078309,166.539911308335,173.630288420821,179.919420645408,181.827924714337,190.425272959653,191.008817171702,187.936270092317,186.31049101416,182.840824718716,..,..
"Korea, Dem. People's Rep.",PRK,Gross national expenditure (% of GDP),NE.DAB.TOTL.ZS,..,..,..,..,..,..,..,..,..,..,..,..,..,..,..,..,..,..,..,..
"Korea, Rep.",KOR,Gross national expenditure (% of GDP),NE.DAB.TOTL.ZS,98.7582410883519,98.9302461843158,98.4984564676097,96.5309180845565,97.687748616687,99.3946707517839,99.0162988425199,100.249372626366,95.7310741124739,97.1921226736928,98.8908569804308,97.2702181234035,95.3679627344828,94.951600165561,93.1533653023811,93.3385018988044,95.2525093721833,95.5622838272576,97.2054168304973,96.344892415104
Kosovo,XKX,Gross national expenditure (% of GDP),NE.DAB.TOTL.ZS,..,..,..,..,..,..,..,142.349373120017,139.299852843462,138.839168541723,136.247647009243,132.320063436026,129.095807570871,130.022281292634,129.117638921173,127.364019272946,125.752447590292,128.208170220854,127.128193587118,132.217708601303
Kuwait,KWT,Gross national expenditure (% of GDP),NE.DAB.TOTL.ZS,84.2336448598131,91.993097497843,82.3721543119883,75.4634149126262,64.2901344455182,58.6216257486554,64.902426597423,59.1643572153317,69.9437962762574,63.6808024377857,52.667274967782,51.5476486126476,55.8834307510715,63.0261705221357,91.1691076862383,100.893340634142,95.4474152723542,88.124468714121,91.5960786937678,..
Kyrgyz Republic,KGZ,Gross national expenditure (% of GDP),NE.DAB.TOTL.ZS,100.297495381242,103.757888088654,106.57077382755,108.703909986889,118.472931400844,137.308754561727,131.232430123955,139.008170032858,123.982459252898,130.124205141097,127.102886089015,150.867535904285,149.526477730606,150.228877896849,142.973415837881,134.172756267068,132.111763083587,135.672099891532,128.904768142668,120.857239278901
Lao PDR,LAO,Gross national expenditure (% of GDP),NE.DAB.TOTL.ZS,110.153119132838,109.749873523798,113.571229557103,116.255506491831,113.865174831192,105.651220370491,111.984002736971,115.541021145186,116.764686869232,113.952285815199,105.435420961497,122.431669731137,121.832939819526,117.550644990502,117.893452385716,108.673128432615,..,..,..,..
Latvia,LVA,Gross national expenditure (% of GDP),NE.DAB.TOTL.ZS,110.366904311048,110.127195285953,112.518218895875,115.311006681883,114.296061857904,120.642501947241,119.050106774908,112.661446191765,101.984378111841,102.088021990294,105.930669343609,105.340935498739,104.367504344145,102.941517075272,101.723522010265,99.6802098305946,100.645283152698,100.699420681306,100.705140583378,98.8253550553461
Lebanon,LBN,Gross national expenditure (% of GDP),NE.DAB.TOTL.ZS,124.346976359605,118.845247991133,120.617671345995,120.862987922533,119.515578854094,119.890082016261,123.684673959915,129.534364296167,124.006435465396,125.050407208853,129.413687950123,130.927076166481,132.880819098828,132.304827595439,125.559707181705,124.271306016338,124.601562886685,126.74826498731,121.585398096368,131.217854316647
Lesotho,LSO,Gross national expenditure (% of GDP),NE.DAB.TOTL.ZS,..,..,..,..,..,..,158.561465962963,155.296851560624,169.373830079982,165.851570264887,154.350193351948,166.616706044264,156.86614454367,149.993083577046,143.935058351868,145.592435645609,151.425305039134,143.493644507388,145.697941228374,148.476125440372
Liberia,LBR,Gross national expenditure (% of GDP),NE.DAB.TOTL.ZS,..,..,..,..,..,..,..,..,..,..,..,..,..,..,..,..,..,..,..,..
Libya,LBY,Gross national expenditure (% of GDP),NE.DAB.TOTL.ZS,73.3381782945736,82.7771797631862,65.7788143961927,60.0281237371978,45.2797850868695,54.0593198974893,55.8673597085033,55.0105564771528,81.1471474150417,65.5331987316162,86.7138120797402,64.4885195691498,86.557041390725,112.048377618297,112.45001047718,111.954400961436,93.1544547643619,84.5541247627154,92.5388932777752,..
Liechtenstein,LIE,Gross national expenditure (% of GDP),NE.DAB.TOTL.ZS,..,..,..,..,..,..,..,..,..,..,..,..,..,..,..,..,..,..,..,..
Lithuania,LTU,Gross national expenditure (% of GDP),NE.DAB.TOTL.ZS,105.471652916475,105.683058180106,105.792944334641,107.061297326532,107.224220984986,110.260533579376,113.104961222071,111.606433630403,101.760176733366,102.002669417343,102.685201292786,99.3899042036999,98.5496442433421,98.1807896387311,100.997035856714,99.2790923248841,97.6830279151459,98.1798888594552,94.7391182170562,90.7143024362324
Luxembourg,LUX,Gross national expenditure (% of GDP),NE.DAB.TOTL.ZS,78.363819027802,77.9657579152675,79.2818410840587,77.7581577066575,76.4287398039152,70.3989241272396,68.3316090581286,69.223957204827,67.6825355153934,68.2521626268507,69.7362070015012,69.3632569218255,67.766844461911,67.8636702882386,67.4610781247876,66.2401418956439,68.298984898842,67.292732807015,69.1400520341822,66.9135537105175
"Macao SAR, China",MAC,Gross national expenditure (% of GDP),NE.DAB.TOTL.ZS,67.575119756133,65.854441067207,65.065687030402,59.3626291255768,67.5994456705846,71.6957668845682,72.9061080705354,67.2181405250268,56.5347551388639,45.0944039080165,42.2105484060954,42.1681928828098,40.1108469200149,47.3526621605597,61.4845930588144,58.9014941278334,53.8720330798169,50.5710502080518,49.3472942338339,97.6982535101022
Madagascar,MDG,Gross national expenditure (% of GDP),NE.DAB.TOTL.ZS,100.894627251384,106.550543128584,106.642277282284,109.860768973348,110.491312722015,107.129011374801,111.110321072764,118.942950938367,121.660041554038,114.126130388438,111.043827749587,109.090357208515,109.82327086425,105.40562366728,104.439112699092,102.649570444606,103.538137020449,104.82047058039,105.667906044146,108.07847144752
Malawi,MWI,Gross national expenditure (% of GDP),NE.DAB.TOTL.ZS,..,..,..,..,..,..,..,..,..,..,..,..,..,..,..,..,..,..,..,..
Malaysia,MYS,Gross national expenditure (% of GDP),NE.DAB.TOTL.ZS,82.5599369219381,82.745366154071,80.3082367606007,79.6273795058728,78.0565070698225,78.2061851524169,80.1289566236811,77.6693001744271,79.7253867185144,84.0842964863884,84.4269100712599,89.241926914951,91.4630075769624,90.7252339252903,92.472690736075,93.3481191171983,93.1316883547621,93.2926826627543,92.4751157513751,93.5577502174828
Maldives,MDV,Gross national expenditure (% of GDP),NE.DAB.TOTL.ZS,..,..,..,..,..,..,..,..,..,..,..,..,..,83.3896836352331,92.8114204143987,105.094330545895,106.948743125801,113.606183863568,109.000520964838,118.941847250705
Mali,MLI,Gross national expenditure (% of GDP),NE.DAB.TOTL.ZS,107.575928882833,101.654383741172,107.089460917665,107.957248247969,108.147587092505,104.118783636844,108.345523943503,112.698608321631,106.995192467341,112.310956885682,108.461201950578,103.407914538849,114.936580353976,115.527733574066,115.552222662497,116.877470474614,113.640260451312,111.100034001479,112.248120500152,105.677314179268
Malta,MLT,Gross national expenditure (% of GDP),NE.DAB.TOTL.ZS,104.188866529975,97.1015709791166,102.849239753996,106.392605184379,110.443161575869,107.033238058523,103.828432093501,101.827957164242,100.90609133435,99.9432143261874,98.5307391724827,96.436508583114,92.3837554048032,88.016400677309,90.2338478382773,87.4085530243094,81.3639384728163,82.5652984273666,83.1738286125974,87.3618965960969
Marshall Islands,MHL,Gross national expenditure (% of GDP),NE.DAB.TOTL.ZS,..,..,..,156.55624198695,161.427289935889,167.989793365829,168.978683044517,163.551414789706,178.38666858962,173.176000314201,151.56087659745,141.712116686055,156.318261592163,149.687992058978,147.207698204111,146.801934783677,151.853693245111,151.665809975139,181.173270770919,135.6541946737
Mauritania,MRT,Gross national expenditure (% of GDP),NE.DAB.TOTL.ZS,109.627222075397,107.238312794496,117.068479982298,128.680289541404,134.728605580511,98.0602945582389,105.017732081336,110.914510124156,107.517120915146,101.942048908038,98.1197101519976,114.265412274085,111.301625758684,116.831969919718,116.956496983827,105.302980575962,109.803625123199,113.648830199641,110.816220703751,111.510215388736
Mauritius,MUS,Gross national expenditure (% of GDP),NE.DAB.TOTL.ZS,93.8054270344952,96.6063296337554,98.1040180739613,101.821917013273,105.197669190625,106.447256248037,104.845010599073,110.069867090701,110.936536009542,114.1143081664,110.795803379435,111.987086617766,110.887842812912,109.06387255077,107.728358376454,106.904419628995,108.271198007003,110.453687850126,110.993589614935,110.681581726613
Mexico,MEX,Gross national expenditure (% of GDP),NE.DAB.TOTL.ZS,99.6161201198373,100.745465806282,102.356795634091,100.927149822568,100.79371975318,100.430857858977,100.689724888517,101.76900069597,100.634429709574,99.9138325302911,99.8649863778775,100.557851953837,101.153570718947,99.9270178107909,101.04223297782,101.153945933577,99.7406494921074,99.0586961477963,97.4283591619384,94.8334553978342
"Micronesia, Fed. Sts.",FSM,Gross national expenditure (% of GDP),NE.DAB.TOTL.ZS,..,..,..,..,..,..,..,..,..,..,..,..,..,..,..,..,..,..,..,..
Moldova,MDA,Gross national expenditure (% of GDP),NE.DAB.TOTL.ZS,124.390653958467,124.911732464356,133.429852637677,130.310548826174,140.696050674599,146.642910130938,151.558789069811,152.783381011411,136.619081812992,132.278625695574,133.536681440612,134.040708711842,131.502070486922,130.817877211885,125.539775507876,123.018928815592,123.439668118247,125.588815301012,124.772921933361,122.785450542659
Monaco,MCO,Gross national expenditure (% of GDP),NE.DAB.TOTL.ZS,..,..,..,..,..,..,..,..,..,..,..,..,..,..,..,..,..,..,..,..
Mongolia,MNG,Gross national expenditure (% of GDP),NE.DAB.TOTL.ZS,117.542670147323,117.885503518722,116.629420329131,110.496717212652,104.84269110275,94.8713081873189,100.383376349079,114.44149690492,106.920404550155,109.992066489143,121.892118542223,122.44426222922,122.531514465053,104.824314581324,101.285563005828,99.3108491167236,97.5995433324589,110.026308687875,105.96204826093,98.665421689484
Montenegro,MNE,Gross national expenditure (% of GDP),NE.DAB.TOTL.ZS,123.562477318529,124.517165765062,116.375896612737,116.065560614763,117.526889896055,136.871649484774,142.74010013655,153.30077478014,130.76326219502,125.691516084337,121.961166767388,124.421078637375,120.086210152563,119.840210392253,118.452833100562,122.47158220146,123.444583982986,123.859296223781,121.15130724406,135.012632023182
Morocco,MAR,Gross national expenditure (% of GDP),NE.DAB.TOTL.ZS,102.999671646467,102.69885789226,103.32018868346,105.381335187004,106.07653602808,105.985572717804,109.343814186215,114.188119543795,111.90875410664,110.781597300108,114.026731636176,115.265821500895,114.465271521055,112.507456428522,107.597955362113,110.15752608739,109.551524159372,110.420825954497,108.591645081653,107.628581734542
Mozambique,MOZ,Gross national expenditure (% of GDP),NE.DAB.TOTL.ZS,111.689454993648,128.092001687185,122.591862564707,117.252675412666,114.412025134106,109.718529395832,108.167282848906,109.300649887783,110.567548112438,113.752791252821,120.033849307055,144.103689830117,149.662632451191,148.897095505825,131.752366194183,138.547837659775,122.560709627281,137.464151100549,147.462197424874,143.55020257105
Myanmar,MMR,Gross national expenditure (% of GDP),NE.DAB.TOTL.ZS,..,..,..,..,..,..,..,..,100.827090143026,96.2790406088143,91.4208438125241,92.7585055353627,95.6680501336834,98.5130621268025,101.077382990202,108.310766115289,109.267232905602,106.40403633557,101.050415112886,99.0225783993364
Namibia,NAM,Gross national expenditure (% of GDP),NE.DAB.TOTL.ZS,109.500081408501,101.896018768713,107.446662309708,100.125424650409,96.7726610163284,97.6835504797421,104.026295905756,111.047658765969,119.363258114293,110.081369795049,109.673069061925,120.095804183577,122.720693902153,125.045796754915,126.497162798032,123.947078687298,113.97773107819,109.948442876106,111.014046773903,109.227661462129
Nauru,NRU,Gross national expenditure (% of GDP),NE.DAB.TOTL.ZS,..,..,..,..,..,..,..,..,..,..,..,..,..,..,..,..,..,..,..,..
Nepal,NPL,Gross national expenditure (% of GDP),NE.DAB.TOTL.ZS,110.678418940688,110.756544925051,112.848199117894,112.781906775793,114.895498344112,117.86882449349,118.868042254547,120.484550926982,122.240711423576,126.81980546189,120.684480391195,119.482071498365,121.497642143066,121.621370993367,123.652164937503,124.598140277074,124.340298859218,124.756188222536,126.075333623344,124.720924037507
Netherlands,NLD,Gross national expenditure (% of GDP),NE.DAB.TOTL.ZS,93.4419493609418,93.1605529026993,93.3517287104386,92.2601391308291,91.5424872432077,91.4099147030345,92.9069560863737,91.4726250699168,92.4155226441244,91.9147291794107,91.4656366714384,90.2616675293966,89.7883757303589,88.8979391268092,92.4987826228102,89.7883352133236,89.2446751726623,89.456282857464,90.1952512437658,89.5913610258782
New Caledonia,NCL,Gross national expenditure (% of GDP),NE.DAB.TOTL.ZS,120.766761420723,120.020916637114,120.663489251582,114.593962790442,118.975935289727,120.234257589874,117.404939128183,130.809008797582,125.275843779164,127.769532561486,126.662872918838,128.236318280414,127.426148772508,121.785435760009,123.90846351756,119.498643372941,116.917412333612,..,..,..
New Zealand,NZL,Gross national expenditure (% of GDP),NE.DAB.TOTL.ZS,96.3717446702716,96.9633306455789,98.2339344784155,99.7120840585149,101.449640044925,100.385456152183,99.8794683751801,100.251311996452,97.6779014652071,97.7038683597093,98.4508860462387,99.3043326329148,98.3891268208236,99.1989121028557,99.0479360852197,99.2299213701428,99.0536581340009,100.044723449125,99.7012041349891,100.615607016082
Nicaragua,NIC,Gross national expenditure (% of GDP),NE.DAB.TOTL.ZS,119.190092525308,120.031733479394,120.595707078269,120.846903046569,122.862959657624,124.777636594663,126.899794814128,127.853246011592,119.030635519666,119.429787279541,121.793760436532,120.238392864343,120.555003130409,116.682392843131,118.026671881786,116.049502841469,113.70284277021,109.430445657781,104.490654855209,105.030282560114
Niger,NER,Gross national expenditure (% of GDP),NE.DAB.TOTL.ZS,106.102020030857,106.996788586167,106.834349730035,108.446943467682,109.524909564111,108.79047737384,109.369714947278,113.350224347335,119.556557858944,119.577155152553,119.667293169411,112.884819184412,112.337086372811,113.849872644751,116.190690447312,112.12143143672,112.970514956281,114.463578981596,114.870896048893,115.601173983051
Nigeria,NGA,Gross national expenditure (% of GDP),NE.DAB.TOTL.ZS,93.1785838371004,93.5557297855968,95.8322026986858,91.3882636812037,90.9915494982554,83.534302049829,96.8642583739209,89.4566909019743,98.7980275732136,93.5689365578348,90.9605694578502,81.7822095600212,94.9490467861718,94.0149416106201,100.000032623491,102.28629948377,100.004474798926,102.014055130641,105.582024249222,100.115563490557
North Macedonia,MKD,Gross national expenditure (% of GDP),NE.DAB.TOTL.ZS,113.081583086694,118.931398671983,115.756585558293,119.461796528317,116.22612636855,116.968701469358,117.860006597137,125.12087541276,121.565667041305,118.301333650434,118.943483862073,121.46632869298,118.064679382575,117.212218387472,116.222265159566,114.857892214965,113.845845211016,112.464933013355,113.760118264776,112.956698189291
Northern Mariana Islands,MNP,Gross national expenditure (% of GDP),NE.DAB.TOTL.ZS,..,..,..,..,..,..,..,..,..,..,..,..,..,..,..,..,..,..,..,..
Norway,NOR,Gross national expenditure (% of GDP),NE.DAB.TOTL.ZS,83.3548551242532,86.8641521665879,87.2924848984549,86.8269565119853,84.0084884976635,83.0667273679713,86.5872852764456,83.0564345688104,88.5834396068983,88.7298720151697,87.1254632194202,86.8525292901308,89.1522728397538,90.670571386908,94.2555336130997,98.0204625473025,96.4984332620619,94.2662427192662,98.5181917471778,100.839989690356
Oman,OMN,Gross national expenditure (% of GDP),NE.DAB.TOTL.ZS,77.6341115181697,78.8161011511888,83.041301630043,87.4919977084638,72.7824167194083,75.4917613180471,83.5075046278454,78.7014228474487,84.0114947086817,65.7651036414566,73.8074622958742,76.6283730105598,80.4825855108674,79.3986443264839,97.073449575903,100.22466853602,97.5223066382754,88.037175989086,87.4918043438454,92.5585401870473
Pakistan,PAK,Gross national expenditure (% of GDP),NE.DAB.TOTL.ZS,100.957433061154,100.081799815427,99.4616530357257,99.0601614352667,103.533737644527,107.413804015501,106.561201742118,110.829579727785,107.280343419744,105.836390888919,105.006565611246,108.012174643953,106.779292712108,106.416077126824,106.445849149145,107.228145021265,109.028811470618,110.462456949906,110.123849041886,108.122388749098
Palau,PLW,Gross national expenditure (% of GDP),NE.DAB.TOTL.ZS,..,..,..,..,..,..,..,..,..,..,..,..,..,..,..,..,..,..,..,..
Panama,PAN,Gross national expenditure (% of GDP),NE.DAB.TOTL.ZS,104.167115994293,104.91489490662,106.61405099636,107.860629427679,104.892098632121,103.947672105511,106.653441262414,110.52004738167,99.3526645318787,108.189839830233,106.026818260528,107.676195864398,107.310540435597,108.375626897676,104.566477980589,103.462587461217,103.820512352729,104.408578077744,102.566353213512,94.861406342108
Papua New Guinea,PNG,Gross national expenditure (% of GDP),NE.DAB.TOTL.ZS,86.9204322691727,97.0874891682039,84.6131363591648,86.7548118104592,..,..,..,..,..,..,..,..,..,..,..,..,..,..,..,..
Paraguay,PRY,Gross national expenditure (% of GDP),NE.DAB.TOTL.ZS,91.3205210901701,84.4914125705748,86.8380485774857,88.7287972718569,89.8347794300763,92.1473609487017,92.2512791084148,95.9008372383519,94.6474737640773,96.9778401234609,98.0144045116967,98.7739190596235,95.9425402196652,98.1549003497104,97.4085141005922,93.4574274025176,94.600644629277,98.638125350361,98.9627738654775,95.8836521123284
Peru,PER,Gross national expenditure (% of GDP),NE.DAB.TOTL.ZS,101.861642387154,100.699565625795,99.5952764306024,96.1116107662272,93.6597952534208,90.7117831268022,92.6438802225885,98.9785069701377,95.2278241372962,96.0204806326538,94.9827607710829,97.7206665210349,100.170543605443,101.63918033966,102.588118117323,100.188213714434,98.0738064126025,98.2471008272416,98.8653305056274,98.7684040746788
Philippines,PHL,Gross national expenditure (% of GDP),NE.DAB.TOTL.ZS,102.589385608844,103.833444205721,102.964607621121,103.471602841605,101.385596139014,98.3596199318607,97.6166073164477,100.967404285562,100.447539587798,100.354619074644,102.584978943627,102.907857797861,103.469941613199,102.75916370498,104.725477627219,108.430059079016,109.063788033334,111.736187552372,112.076002233777,107.763881681786
Poland,POL,Gross national expenditure (% of GDP),NE.DAB.TOTL.ZS,103.782109352209,103.561130440992,102.745316070788,102.974736654839,101.307380897095,102.328808497229,103.798879670705,105.276021316598,100.983291120789,102.171001158383,102.162784115774,100.76233089941,98.5590177831865,99.0311726439947,97.2438693429392,96.2312052619632,96.2324514344154,96.9373407712739,95.2436312766576,93.2068169940034
Portugal,PRT,Gross national expenditure (% of GDP),NE.DAB.TOTL.ZS,110.217302950059,108.161534951782,106.404563692582,107.870490556524,108.776169468545,107.832244236001,107.557748439124,109.553584765387,106.905208090619,107.644677605902,104.189820799681,100.494809224597,98.9014246739833,99.8503718710051,99.2606634887543,98.8525823536815,98.9906077254175,99.5373228778655,99.5478737175138,102.112234647498
Puerto Rico,PRI,Gross national expenditure (% of GDP),NE.DAB.TOTL.ZS,83.0413042347461,82.0954142146083,81.9565493388785,81.7452119437845,82.6783147007001,83.2869357856428,83.3147148896779,81.6382416357235,79.1380662671602,77.89874701798,78.4904490905485,80.9215397460538,80.8491947291362,80.1320307909158,77.0294702323084,74.7662136141933,76.9235781158868,85.9257864751053,86.1437778917329,82.3456465735813
Qatar,QAT,Gross national expenditure (% of GDP),NE.DAB.TOTL.ZS,63.1829573934837,67.7841779694682,66.7674491904323,62.0359789459104,64.5643496554405,72.9354589799243,75.5593619895779,66.7081364116277,77.8741298815122,61.4308819173225,53.4822240466005,52.801463832014,56.9475380603915,63.0381384762088,79.5846486405717,94.1199171376972,85.7157426618016,79.9547226343742,85.6251560129372,93.158761823438
Romania,ROU,Gross national expenditure (% of GDP),NE.DAB.TOTL.ZS,107.716664082718,105.684189096449,107.754056949441,109.138606136869,110.290108236751,112.141172928435,114.083498574436,112.864125419156,106.425609311381,106.630716848828,105.889800477697,105.286979990338,100.902124485683,100.421216003072,100.822904052773,101.043864846904,102.469321154075,103.413263341384,104.121350757507,104.337923109082
Russian Federation,RUS,Gross national expenditure (% of GDP),NE.DAB.TOTL.ZS,87.7713163351634,89.1316190388255,89.4426930761525,88.3105153596373,86.8908087378242,87.3363455301365,90.2404333025748,92.2299079261842,94.3494569945192,92.8280159457401,92.2711847489769,93.9678488886018,95.1126042498736,94.1811970137922,92.5939432453055,94.8091538857762,94.6947623776175,89.9943867662478,92.3618923019516,94.3755457050393
Rwanda,RWA,Gross national expenditure (% of GDP),NE.DAB.TOTL.ZS,114.669099955094,115.25717522133,113.76429111625,112.680556902262,112.847017165467,111.46040115064,108.640190981585,115.066640481894,116.078850533344,115.801647947293,114.405763147683,116.561129587193,115.716456233178,116.173672926002,118.747908596241,118.650721209745,112.618514071706,113.561728340047,114.315058844952,116.519909242215
Samoa,WSM,Gross national expenditure (% of GDP),NE.DAB.TOTL.ZS,..,..,..,..,..,..,..,..,..,..,..,..,..,..,..,..,..,..,..,..
San Marino,SMR,Gross national expenditure (% of GDP),NE.DAB.TOTL.ZS,..,..,..,..,..,..,..,..,..,..,..,..,..,..,72.4586522087657,74.0097562667165,76.2929648502277,76.2929647013702,79.2703042248425,75.9457805151527
Sao Tome and Principe,STP,Gross national expenditure (% of GDP),NE.DAB.TOTL.ZS,..,..,..,..,..,..,..,..,..,..,..,..,..,..,..,..,..,..,..,..
Saudi Arabia,SAU,Gross national expenditure (% of GDP),NE.DAB.TOTL.ZS,84.293210305385,82.695195333668,78.1228639744446,73.1121876485849,67.8525987158094,70.2807886813798,74.9884412049436,71.8796232730438,90.6811011565357,83.4102517609673,73.4450408186659,74.9701071898283,78.8731338705666,86.8898879774587,104.477794958258,99.5736233308455,94.4788833684745,87.1014034741848,91.6727574661245,99.7107789473884
Senegal,SEN,Gross national expenditure (% of GDP),NE.DAB.TOTL.ZS,114.319217854013,113.910539360494,114.385166525871,115.455877375973,115.289968427546,115.632068520523,118.162527902028,121.069167294491,113.519557771567,112.495377541304,114.969780827654,117.026555159781,115.927281739862,114.885935493454,112.755948670857,110.986453014677,113.845113550128,115.891520381302,114.273881973105,118.665294426295
Serbia,SRB,Gross national expenditure (% of GDP),NE.DAB.TOTL.ZS,115.172969898907,116.677999411006,114.878330614464,123.956563624788,117.086978001283,118.024065276177,121.025549679007,121.793207895615,113.326262873978,112.219949705611,112.805392049413,113.781213141144,108.217261563755,108.076358201329,107.041285366808,104.825840088623,106.584663925773,108.625743115589,109.932753043227,108.284265378662
Seychelles,SYC,Gross national expenditure (% of GDP),NE.DAB.TOTL.ZS,121.472377843014,101.208560066974,88.8479705087503,..,..,113.189688145802,101.199228992203,110.75622717831,109.066827364953,114.190516873131,115.618369202789,124.874540895283,106.249719161217,115.239010600707,107.390531759714,110.699549084314,110.246392131844,112.669738917273,109.647474952613,123.479740910595
Sierra Leone,SLE,Gross national expenditure (% of GDP),NE.DAB.TOTL.ZS,118.736654989151,120.143072606225,117.026558389233,111.450441737436,110.354968320256,106.989767123327,107.635395367264,110.732227457657,114.439974192523,117.69278951064,148.183560277737,127.463464742458,130.199286888396,121.665716499565,128.863210439929,134.665154750055,122.102039622247,121.761231982617,119.696777430344,121.375797509705
Singapore,SGP,Gross national expenditure (% of GDP),NE.DAB.TOTL.ZS,85.4643299338163,83.0964265733886,74.1739699349686,75.2095580482737,71.2519567700719,70.3922953538043,68.9680437231571,80.2238141268066,76.4030106818653,73.6876342015921,72.5444470027,75.4268576255422,77.0571800422116,76.6454216202166,72.7021819408985,73.203304674357,72.7277024162736,69.2004111740703,70.4913260886584,67.398691197066
Sint Maarten (Dutch part),SXM,Gross national expenditure (% of GDP),NE.DAB.TOTL.ZS,..,..,..,..,..,..,..,..,..,..,93.6798758653617,90.8596361987873,94.7515019115238,104.172274562584,93.1787784217566,97.0380194518125,108.063759962494,136.710650329877,..,..
Slovak Republic,SVK,Gross national expenditure (% of GDP),NE.DAB.TOTL.ZS,107.442920708217,106.432896234881,100.478981206571,101.557727789189,103.124108657856,102.146579863799,99.5678300923611,101.77486590205,100.168454833793,100.308309806913,99.2973399380599,94.4714812713987,94.386227176797,95.17167848285,96.9300727428313,97.0499523960303,97.8105195743891,98.1210214564849,99.6011219075682,99.0736241094397
Slovenia,SVN,Gross national expenditure (% of GDP),NE.DAB.TOTL.ZS,101.040808121847,99.0089056192901,100.317436854932,101.446964185745,100.640076242128,100.047965797384,101.329007897026,102.105013334231,98.5932946437873,98.9418354335888,98.7836173598608,96.601252984834,95.3234064109745,93.246263274994,91.998500179177,91.4614408641133,91.023425241423,91.5546682122714,91.3493842194422,90.7748864903709
Solomon Islands,SLB,Gross national expenditure (% of GDP),NE.DAB.TOTL.ZS,130.00953094782,110.658643066676,96.4072010397012,95.1405142386803,107.254283111091,118.040640528822,121.685097762334,118.046435055808,115.190142085328,127.387740340937,106.93644583416,101.559539939508,110.824849410593,108.717066134797,107.132127842509,105.193577401842,105.602940497173,104.310897391873,110.239226992909,108.915491848468
Somalia,SOM,Gross national expenditure (% of GDP),NE.DAB.TOTL.ZS,..,..,..,..,..,..,..,..,..,..,..,..,..,..,..,..,..,..,..,..
South Africa,ZAF,Gross national expenditure (% of GDP),NE.DAB.TOTL.ZS,96.5089598950348,94.4981538067082,94.4264654940922,97.634794986639,96.5738435694088,97.9160464994481,98.6804612877108,101.396978916581,98.5656208828481,97.959197676938,99.981157002071,101.70660776952,102.116470486691,101.49833654419,101.299401979906,99.549082917352,98.8557819643861,99.5304073214424,99.4420172552789,95.6493315602796
South Sudan,SSD,Gross national expenditure (% of GDP),NE.DAB.TOTL.ZS,..,..,..,..,..,..,..,65.0799505302735,75.5769503018975,68.0468965280446,61.0614817293285,85.9203562159203,131.280162349211,87.8512829782392,92.2486503923047,..,..,..,..,..
Spain,ESP,Gross national expenditure (% of GDP),NE.DAB.TOTL.ZS,102.273917143252,101.991189403804,102.205876853812,103.700213046448,104.803759501465,105.694529812527,105.778126130247,104.735471695052,100.871485977576,101.024881864513,99.7232466254231,97.934824881025,96.0711443546712,96.9004745397507,96.9596043021929,96.012443438914,96.3936491870412,97.2829623547383,97.0700150678051,98.5268479466071
Sri Lanka,LKA,Gross national expenditure (% of GDP),NE.DAB.TOTL.ZS,103.643605866997,107.279327226695,106.029241665697,108.821139436236,108.930226983075,111.004124300706,110.376540229268,113.686092082812,106.492388361988,107.259239062126,113.190894641797,111.859113037851,108.616995737693,108.073358121421,107.532590210416,107.288119133112,107.223836494514,107.430443862702,106.130559974827,106.428095190767
St. Kitts and Nevis,KNA,Gross national expenditure (% of GDP),NE.DAB.TOTL.ZS,..,..,..,..,..,..,..,..,..,..,..,..,..,..,..,..,..,..,..,..
St. Lucia,LCA,Gross national expenditure (% of GDP),NE.DAB.TOTL.ZS,..,..,..,..,..,..,..,..,..,..,..,..,..,..,..,..,..,..,..,..
St. Martin (French part),MAF,Gross national expenditure (% of GDP),NE.DAB.TOTL.ZS,..,..,..,..,..,..,..,..,..,..,..,..,..,..,..,..,..,..,..,..
St. Vincent and the Grenadines,VCT,Gross national expenditure (% of GDP),NE.DAB.TOTL.ZS,..,..,..,..,..,..,..,..,..,..,..,..,..,..,..,..,..,..,..,..
Sudan,SDN,Gross national expenditure (% of GDP),NE.DAB.TOTL.ZS,99.8255587421472,102.293057950217,101.410940803876,101.678226944931,106.798339069282,105.814427395959,100.381074448713,97.0772419982079,100.812401533803,102.949952705069,98.1058961208461,103.983630647479,102.770094532607,100.037716440553,100.040239493815,100.030050731901,100.133677767969,100.072734301733,99.9576857064326,99.9131085237251
Suriname,SUR,Gross national expenditure (% of GDP),NE.DAB.TOTL.ZS,..,..,..,..,..,92.6588953649736,93.1274035479469,95.3495566096102,100.094002632074,85.458183940632,..,..,..,..,..,..,..,..,..,..
Sweden,SWE,Gross national expenditure (% of GDP),NE.DAB.TOTL.ZS,94.7467998758653,94.7244698145275,94.5941837235547,93.2098647654542,93.7205164640398,93.2205474765414,93.9415615198486,94.3903045876141,94.6008984286029,94.8906712902268,95.2486450164369,95.2272002299707,95.7620470084922,96.4012091977169,96.190279476208,96.9376885462412,97.4653055700057,97.7650753701195,95.8154070633844,95.3646327926494
Switzerland,CHE,Gross national expenditure (% of GDP),NE.DAB.TOTL.ZS,95.0258751023114,93.8956649216496,94.0310893172164,91.8015230156748,93.3473667849649,91.8983480931738,89.0616271644238,89.4041411044087,92.48144592673,89.0864237385426,91.2957658371669,89.2572787689487,88.1285582967827,88.6713566428076,88.3287147175302,88.3807804232494,89.1104714199504,87.6653246089964,88.152127756128,91.2053624964591
Syrian Arab Republic,SYR,Gross national expenditure (% of GDP),NE.DAB.TOTL.ZS,..,..,..,..,..,..,..,..,..,..,..,..,..,..,..,..,..,..,..,..
Tajikistan,TJK,Gross national expenditure (% of GDP),NE.DAB.TOTL.ZS,107.068484281145,102.74626255444,100.98984962406,107.293966565596,114.791996225682,113.046319307567,146.013870232108,147.40272208731,141.313716460237,146.112655876246,153.643531497019,150.991480265796,154.821094056675,143.724621672619,127.482943555822,131.979383211992,121.755493580283,124.899379672161,122.784914132004,122.640167797585
Tanzania,TZA,Gross national expenditure (% of GDP),NE.DAB.TOTL.ZS,100.355940872244,98.9362998437858,100.262500023756,101.518098018096,102.992539176937,105.93818357338,108.397143605264,110.097321840495,107.144068982704,108.425381956513,112.897559527817,109.625446646016,110.606207341808,109.217603208238,106.547857525214,102.720520714214,101.958385522367,106.367336390272,105.976789885919,106.9365188151
Thailand,THA,Gross national expenditure (% of GDP),NE.DAB.TOTL.ZS,92.5897301048213,91.5740631290538,92.3861179367208,94.6699601770535,99.9142546941582,94.9650645831439,91.9703632570141,96.2077810603127,89.6822304775597,93.3330002511994,95.8941818389575,97.6455454579148,96.3728357020487,93.4315946179317,90.8214949925346,87.9801268469673,88.1635627191603,90.2820700696248,89.7446078005088,94.6181884877243
Timor-Leste,TLS,Gross national expenditure (% of GDP),NE.DAB.TOTL.ZS,248.755444361479,264.765976715561,208.579821633308,192.392038743583,160.403440658505,180.414830066916,208.766986603055,216.563486373864,239.364414381198,217.28209294377,227.969875620137,214.271139130439,168.475132846576,173.604012583093,153.838844177495,153.665653208176,151.562218275862,156.656088398828,126.891609715304,125.48254696984
Togo,TGO,Gross national expenditure (% of GDP),NE.DAB.TOTL.ZS,107.586388562945,104.925677324975,102.028088752111,102.700582322241,110.554055053864,115.320041545655,116.21668422242,117.62599757144,115.646776169535,115.96890203067,123.731409749952,116.26761652597,117.61572866537,118.036922741843,121.967070654027,113.067136976801,107.595136114158,108.801998862407,108.248906928221,109.453968079214
Tonga,TON,Gross national expenditure (% of GDP),NE.DAB.TOTL.ZS,133.995820945543,139.027200346998,134.210752709482,135.354249274674,139.991955735657,136.721838855691,142.842284453926,143.798949701225,151.59340655124,147.177032938349,145.286018811287,145.367117845742,141.022638568618,141.749156163556,147.706815829725,141.764048699219,144.27889603693,144.997549113008,141.184928180483,147.716348101623
Trinidad and Tobago,TTO,Gross national expenditure (% of GDP),NE.DAB.TOTL.ZS,..,..,..,..,..,..,..,..,..,..,..,..,..,..,..,..,..,..,..,..
Tunisia,TUN,Gross national expenditure (% of GDP),NE.DAB.TOTL.ZS,103.918869541113,103.773114658432,103.423495753848,102.529448871609,100.386663800721,101.883897701295,101.889119513883,103.028230679606,102.937256719816,104.12179170056,107.997265864862,109.725105385593,109.368198621443,105.15247383567,110.448841510741,110.502421116925,112.367613094981,112.900327918184,110.465220626146,108.28975936464
Turkiye,TUR,Gross national expenditure (% of GDP),NE.DAB.TOTL.ZS,95.5075913881196,97.772156015873,100.212741835185,101.576331728854,102.38982191776,103.973203186042,104.071765349092,103.415672042652,100.046668654856,104.306198586639,107.316773128366,104.109051615,104.94127978965,103.355217766577,102.025988922937,102.161167971645,103.683324058392,100.248613235892,97.4171715203982,103.810891743821
Turkmenistan,TKM,Gross national expenditure (% of GDP),NE.DAB.TOTL.ZS,98.7158091804188,86.1827099911583,96.2630132143759,99.1028515307505,84.1557992273669,63.4765373724662,64.5268218518518,76.0310384071154,68.2927715193279,64.0540326590224,66.3568044169717,68.2189695463889,..,..,..,..,..,..,..,..
Turks and Caicos Islands,TCA,Gross national expenditure (% of GDP),NE.DAB.TOTL.ZS,..,..,..,..,..,..,..,..,..,..,..,..,..,..,..,..,..,..,..,..
Tuvalu,TUV,Gross national expenditure (% of GDP),NE.DAB.TOTL.ZS,..,..,..,..,..,..,..,..,..,..,..,..,..,..,..,..,..,..,..,..
Uganda,UGA,Gross national expenditure (% of GDP),NE.DAB.TOTL.ZS,112.293811508192,114.461338160852,113.768099394605,109.9182558255,110.481456419036,112.877049246399,113.241542445532,107.697983516236,111.52827682047,110.944364115118,113.136280355894,110.67679912975,110.474199869413,102.562050161495,108.745674839516,104.550485070145,103.514957974923,105.267418301245,105.479168784753,104.979553124021
Ukraine,UKR,Gross national expenditure (% of GDP),NE.DAB.TOTL.ZS,98.6281520066296,95.7572030170242,97.5039209677129,92.588045107735,99.1881047395178,102.743806392009,105.466738383131,107.65215442982,101.618513223278,102.816653801363,105.992760036111,107.857125233706,108.206904115635,103.505858851923,102.61125728171,106.923965997685,107.785150208287,108.729343746682,108.047851779067,101.513159795795
United Arab Emirates,ARE,Gross national expenditure (% of GDP),NE.DAB.TOTL.ZS,91.5461207605453,94.0648635011158,90.4538660322076,89.4870106744522,84.3822305303945,82.2149812865397,92.0299578651537,90.7777757717694,94.1552987859912,79.3927037906643,71.5128133746189,63.7563618524872,64.1803739584689,69.3706553899271,73.4803386969425,74.7416266592077,75.8144736209895,73.6325279452262,74.0070857276764,75.3806063729935
United Kingdom,GBR,Gross national expenditure (% of GDP),NE.DAB.TOTL.ZS,102.092865029864,102.63043375988,102.22608474805,102.543251221845,102.348005509925,102.059290780526,102.042165065992,102.062045895799,101.474067509248,101.874276995029,101.004367152259,101.231820281116,101.306914349289,101.764186674711,101.546703927012,101.637725759407,101.263385472521,101.301428453168,100.917312816174,99.8448647007205
United States,USA,Gross national expenditure (% of GDP),NE.DAB.TOTL.ZS,103.560288473334,104.023565744179,104.556065112816,105.190585036372,105.674426750051,105.692476584311,105.084444922898,105.016115208855,102.895097293117,103.53721053685,103.715583197539,103.39372900479,102.846242182964,102.906119996167,102.890259582178,102.707901345322,102.771794020868,102.90439149605,102.789900770053,103.116665793382
Uruguay,URY,Gross national expenditure (% of GDP),NE.DAB.TOTL.ZS,102.700194132737,98.7857223432001,96.8943593389155,97.2520968802459,98.0696567321544,101.376565714493,101.029473316021,104.802047060191,99.1959877545555,99.0130481169385,100.402735159618,103.221895312658,103.011573628118,102.002300774419,100.372538305918,94.6645620307943,94.5106808966381,95.0324777371381,94.1066629683356,95.6548205216653
Uzbekistan,UZB,Gross national expenditure (% of GDP),NE.DAB.TOTL.ZS,97.426065417335,97.1136345333011,93.9841019910605,93.0159040861267,93.9071994674504,94.4439168942812,95.07233416105,97.4109464251805,99.3478803295555,101.204091779872,99.9127000693397,104.849048153326,104.906801647072,104.522331541585,104.863208088276,106.191543739612,105.898588341411,112.62342276582,117.563624500614,114.954661584968
Vanuatu,VUT,Gross national expenditure (% of GDP),NE.DAB.TOTL.ZS,115.378868729989,106.779197329905,101.936239427456,106.102492463789,104.514693612682,105.648694793574,110.096790048773,115.560529876551,119.333828667183,119.32888177734,109.029823670271,105.773838736684,109.381799921888,106.802721088435,117.83772926422,105.849575595878,107.285354466798,102.720993926884,100.589111214518,..
"Venezuela, RB",VEN,Gross national expenditure (% of GDP),NE.DAB.TOTL.ZS,96.6700048870323,87.7085695509779,82.8702285613148,82.9707484679012,80.8100242688918,85.628348342573,93.9380177624755,90.1856743675413,102.377891919172,89.0760795479818,89.752092377402,98.0615388760089,104.747804661154,114.703158824976,..,..,..,..,..,..
Vietnam,VNM,Gross national expenditure (% of GDP),NE.DAB.TOTL.ZS,..,..,..,..,..,..,..,..,..,..,..,..,..,..,..,..,..,..,..,..
Virgin Islands (U.S.),VIR,Gross national expenditure (% of GDP),NE.DAB.TOTL.ZS,..,..,..,..,..,..,..,..,..,..,..,..,..,..,..,..,..,..,..,..
West Bank and Gaza,PSE,Gross national expenditure (% of GDP),NE.DAB.TOTL.ZS,151.509853385618,149.451600202486,150.733366935484,152.221329104299,154.1799168894,152.431613783819,152.396100211496,144.744473626614,143.570748358213,138.893766461809,133.723996745962,133.874217751712,135.612444970589,136.892856887567,138.474421001403,136.637802329053,137.000248015873,139.2065910571,137.506639040476,136.451257750278
"Yemen, Rep.",YEM,Gross national expenditure (% of GDP),NE.DAB.TOTL.ZS,..,..,..,..,..,..,..,..,..,..,..,..,..,..,..,..,..,..,..,..
Zambia,ZMB,Gross national expenditure (% of GDP),NE.DAB.TOTL.ZS,..,..,..,..,..,..,..,..,..,93.8489337107039,99.6535411229333,96.3661661066696,98.4243149123445,100.828479584324,108.232041487395,105.689504437801,101.705036547927,96.3178257348498,99.195127994546,85.4863754385471
Zimbabwe,ZWE,Gross national expenditure (% of GDP),NE.DAB.TOTL.ZS,97.9800467870741,103.137752249391,105.657868285935,107.100010569109,108.946412638054,110.908311721209,108.602157832138,126.587939749931,122.823440679204,123.842400004943,119.864923644477,123.836027332031,114.680976710516,112.811323582266,118.428459526513,111.331961056901,110.711902661081,113.347507161031,100.779834406447,101.597468518329
Africa Eastern and Southern,AFE,Gross national expenditure (% of GDP),NE.DAB.TOTL.ZS,..,..,..,..,..,..,..,..,..,..,..,..,..,..,..,..,..,..,..,..
Africa Western and Central,AFW,Gross national expenditure (% of GDP),NE.DAB.TOTL.ZS,..,..,..,..,..,..,..,..,..,..,..,..,..,..,..,..,..,..,..,..
Arab World,ARB,Gross national expenditure (% of GDP),NE.DAB.TOTL.ZS,..,..,..,..,..,..,..,..,..,..,..,..,..,..,..,..,..,..,..,..
Caribbean small states,CSS,Gross national expenditure (% of GDP),NE.DAB.TOTL.ZS,..,..,..,..,..,..,..,..,..,..,..,..,..,..,..,..,..,..,..,..
Central Europe and the Baltics,CEB,Gross national expenditure (% of GDP),NE.DAB.TOTL.ZS,..,..,..,..,..,..,..,..,..,..,..,..,..,..,..,..,..,..,..,..
Early-demographic dividend,EAR,Gross national expenditure (% of GDP),NE.DAB.TOTL.ZS,..,..,..,..,..,..,..,..,..,..,..,..,..,..,..,..,..,..,..,..
East Asia & Pacific,EAS,Gross national expenditure (% of GDP),NE.DAB.TOTL.ZS,..,..,..,..,..,..,..,..,..,..,..,..,..,..,..,..,..,..,..,..
East Asia & Pacific (excluding high income),EAP,Gross national expenditure (% of GDP),NE.DAB.TOTL.ZS,..,..,..,..,..,..,..,..,..,..,..,..,..,..,..,..,..,..,..,..
East Asia & Pacific (IDA & IBRD countries),TEA,Gross national expenditure (% of GDP),NE.DAB.TOTL.ZS,..,..,..,..,..,..,..,..,..,..,..,..,..,..,..,..,..,..,..,..
Euro area,EMU,Gross national expenditure (% of GDP),NE.DAB.TOTL.ZS,..,..,..,..,..,..,..,..,..,..,..,..,..,..,..,..,..,..,..,..
Europe & Central Asia,ECS,Gross national expenditure (% of GDP),NE.DAB.TOTL.ZS,..,..,..,..,..,..,..,..,..,..,..,..,..,..,..,..,..,..,..,..
Europe & Central Asia (excluding high income),ECA,Gross national expenditure (% of GDP),NE.DAB.TOTL.ZS,..,..,..,..,..,..,..,..,..,..,..,..,..,..,..,..,..,..,..,..
Europe & Central Asia (IDA & IBRD countries),TEC,Gross national expenditure (% of GDP),NE.DAB.TOTL.ZS,..,..,..,..,..,..,..,..,..,..,..,..,..,..,..,..,..,..,..,..
European Union,EUU,Gross national expenditure (% of GDP),NE.DAB.TOTL.ZS,..,..,..,..,..,..,..,..,..,..,..,..,..,..,..,..,..,..,..,..
Fragile and conflict affected situations,FCS,Gross national expenditure (% of GDP),NE.DAB.TOTL.ZS,..,..,..,..,..,..,..,..,..,..,..,..,..,..,..,..,..,..,..,..
Heavily indebted poor countries (HIPC),HPC,Gross national expenditure (% of GDP),NE.DAB.TOTL.ZS,..,..,..,..,..,..,..,..,..,..,..,..,..,..,..,..,..,..,..,..
High income,HIC,Gross national expenditure (% of GDP),NE.DAB.TOTL.ZS,..,..,..,..,..,..,..,..,..,..,..,..,..,..,..,..,..,..,..,..
IBRD only,IBD,Gross national expenditure (% of GDP),NE.DAB.TOTL.ZS,..,..,..,..,..,..,..,..,..,..,..,..,..,..,..,..,..,..,..,..
IDA & IBRD total,IBT,Gross national expenditure (% of GDP),NE.DAB.TOTL.ZS,..,..,..,..,..,..,..,..,..,..,..,..,..,..,..,..,..,..,..,..
IDA blend,IDB,Gross national expenditure (% of GDP),NE.DAB.TOTL.ZS,..,..,..,..,..,..,..,..,..,..,..,..,..,..,..,..,..,..,..,..
IDA only,IDX,Gross national expenditure (% of GDP),NE.DAB.TOTL.ZS,..,..,..,..,..,..,..,..,..,..,..,..,..,..,..,..,..,..,..,..
IDA total,IDA,Gross national expenditure (% of GDP),NE.DAB.TOTL.ZS,..,..,..,..,..,..,..,..,..,..,..,..,..,..,..,..,..,..,..,..
Late-demographic dividend,LTE,Gross national expenditure (% of GDP),NE.DAB.TOTL.ZS,..,..,..,..,..,..,..,..,..,..,..,..,..,..,..,..,..,..,..,..
Latin America & Caribbean,LCN,Gross national expenditure (% of GDP),NE.DAB.TOTL.ZS,..,..,..,..,..,..,..,..,..,..,..,..,..,..,..,..,..,..,..,..
Latin America & Caribbean (excluding high income),LAC,Gross national expenditure (% of GDP),NE.DAB.TOTL.ZS,..,..,..,..,..,..,..,..,..,..,..,..,..,..,..,..,..,..,..,..
Latin America & the Caribbean (IDA & IBRD countries),TLA,Gross national expenditure (% of GDP),NE.DAB.TOTL.ZS,..,..,..,..,..,..,..,..,..,..,..,..,..,..,..,..,..,..,..,..
Least developed countries: UN classification,LDC,Gross national expenditure (% of GDP),NE.DAB.TOTL.ZS,..,..,..,..,..,..,..,..,..,..,..,..,..,..,..,..,..,..,..,..
Low & middle income,LMY,Gross national expenditure (% of GDP),NE.DAB.TOTL.ZS,..,..,..,..,..,..,..,..,..,..,..,..,..,..,..,..,..,..,..,..
Low income,LIC,Gross national expenditure (% of GDP),NE.DAB.TOTL.ZS,..,..,..,..,..,..,..,..,..,..,..,..,..,..,..,..,..,..,..,..
Lower middle income,LMC,Gross national expenditure (% of GDP),NE.DAB.TOTL.ZS,..,..,..,..,..,..,..,..,..,..,..,..,..,..,..,..,..,..,..,..
Middle East & North Africa,MEA,Gross national expenditure (% of GDP),NE.DAB.TOTL.ZS,..,..,..,..,..,..,..,..,..,..,..,..,..,..,..,..,..,..,..,..
Middle East & North Africa (excluding high income),MNA,Gross national expenditure (% of GDP),NE.DAB.TOTL.ZS,..,..,..,..,..,..,..,..,..,..,..,..,..,..,..,..,..,..,..,..
Middle East & North Africa (IDA & IBRD countries),TMN,Gross national expenditure (% of GDP),NE.DAB.TOTL.ZS,..,..,..,..,..,..,..,..,..,..,..,..,..,..,..,..,..,..,..,..
Middle income,MIC,Gross national expenditure (% of GDP),NE.DAB.TOTL.ZS,..,..,..,..,..,..,..,..,..,..,..,..,..,..,..,..,..,..,..,..
North America,NAC,Gross national expenditure (% of GDP),NE.DAB.TOTL.ZS,..,..,..,..,..,..,..,..,..,..,..,..,..,..,..,..,..,..,..,..
Not classified,INX,Gross national expenditure (% of GDP),NE.DAB.TOTL.ZS,..,..,..,..,..,..,..,..,..,..,..,..,..,..,..,..,..,..,..,..
OECD members,OED,Gross national expenditure (% of GDP),NE.DAB.TOTL.ZS,..,..,..,..,..,..,..,..,..,..,..,..,..,..,..,..,..,..,..,..
Other small states,OSS,Gross national expenditure (% of GDP),NE.DAB.TOTL.ZS,..,..,..,..,..,..,..,..,..,..,..,..,..,..,..,..,..,..,..,..
Pacific island small states,PSS,Gross national expenditure (% of GDP),NE.DAB.TOTL.ZS,..,..,..,..,..,..,..,..,..,..,..,..,..,..,..,..,..,..,..,..
Post-demographic dividend,PST,Gross national expenditure (% of GDP),NE.DAB.TOTL.ZS,..,..,..,..,..,..,..,..,..,..,..,..,..,..,..,..,..,..,..,..
Pre-demographic dividend,PRE,Gross national expenditure (% of GDP),NE.DAB.TOTL.ZS,..,..,..,..,..,..,..,..,..,..,..,..,..,..,..,..,..,..,..,..
Small states,SST,Gross national expenditure (% of GDP),NE.DAB.TOTL.ZS,..,..,..,..,..,..,..,..,..,..,..,..,..,..,..,..,..,..,..,..
South Asia,SAS,Gross national expenditure (% of GDP),NE.DAB.TOTL.ZS,..,..,..,..,..,..,..,..,..,..,..,..,..,..,..,..,..,..,..,..
South Asia (IDA & IBRD),TSA,Gross national expenditure (% of GDP),NE.DAB.TOTL.ZS,..,..,..,..,..,..,..,..,..,..,..,..,..,..,..,..,..,..,..,..
Sub-Saharan Africa,SSF,Gross national expenditure (% of GDP),NE.DAB.TOTL.ZS,..,..,..,..,..,..,..,..,..,..,..,..,..,..,..,..,..,..,..,..
Sub-Saharan Africa (excluding high income),SSA,Gross national expenditure (% of GDP),NE.DAB.TOTL.ZS,..,..,..,..,..,..,..,..,..,..,..,..,..,..,..,..,..,..,..,..
Sub-Saharan Africa (IDA & IBRD countries),TSS,Gross national expenditure (% of GDP),NE.DAB.TOTL.ZS,..,..,..,..,..,..,..,..,..,..,..,..,..,..,..,..,..,..,..,..
Upper middle income,UMC,Gross national expenditure (% of GDP),NE.DAB.TOTL.ZS,..,..,..,..,..,..,..,..,..,..,..,..,..,..,..,..,..,..,..,..
World,WLD,Gross national expenditure (% of GDP),NE.DAB.TOTL.ZS,..,..,..,..,..,..,..,..,..,..,..,..,..,..,..,..,..,..,..,..
,,,,,,,,,,,,,,,,,,,,,,,
,,,,,,,,,,,,,,,,,,,,,,,
,,,,,,,,,,,,,,,,,,,,,,,
Data from database: World Development Indicators,,,,,,,,,,,,,,,,,,,,,,,
Last Updated: 09/16/2022,,,,,,,,,,,,,,,,,,,,,,,
